{
  "credit": "Made with Blockbench",
  "parent": "builtin/entity",
  "texture_size": [
    64,
    64
  ],
  "display": {
    "thirdperson_righthand": {
      "rotation": [
        59.5,
        25.06,
        3.41
      ],
      "translation": [
        0,
        1.25,
        0
      ],
      "scale": [
        0.55,
        0.55,
        0.55
      ]
    },
    "thirdperson_lefthand": {
      "rotation": [
        59.5,
        25.059999999999945,
        3.4099999999998545
      ],
      "translation": [
        0,
        1.25,
        0
      ],
      "scale": [
        0.55,
        0.55,
        0.55
      ]
    },
    "firstperson_righthand": {
      "rotation": [
        169.01,
        41.86,
        -175.15
      ],
      "translation": [
        -0.6200000000000001,
        0.4500000000000002,
        2.13
      ],
      "scale": [
        0.68,
        0.68,
        0.68
      ]
    },
    "firstperson_lefthand": {
      "rotation": [
        169.01000000000022,
        41.86000000000013,
        -175.1500000000001
      ],
      "translation": [
        -0.6200000000000001,
        0.4500000000000002,
        2.13
      ],
      "scale": [
        0.68,
        0.68,
        0.68
      ]
    },
    "ground": {
      "translation": [
        0,
        1.25,
        0
      ],
      "scale": [
        0.5,
        0.5,
        0.5
      ]
    },
    "gui": {
      "rotation": [
        179.8499999999999,
        -18.730000000000018,
        176.55000000000018
      ],
      "translation": [
        0.75,
        -5.75,
        0
      ],
      "scale": [
        0.75,
        0.75,
        0.75
      ]
    },
    "head": {
      "translation": [
        0,
        6.5,
        0
      ]
    },
    "fixed": {
      "translation": [
        0,
        -6.75,
        0
      ]
    }
  }
}